,Year,Country,Import,Region
0,1992,Algeria,0.0026961529999999997,North Africa
1,1993,Algeria,0.006647521,North Africa
2,1994,Algeria,0.003768851,North Africa
3,1995,Algeria,0.022027414999999998,North Africa
4,1996,Algeria,1.1424000000000001e-05,North Africa
5,1997,Algeria,1.8132e-05,North Africa
6,1998,Algeria,0.00012432,North Africa
7,1999,Algeria,0.06219366700000001,North Africa
8,2000,Algeria,0.025937941,North Africa
9,2001,Algeria,0.069988286,North Africa
10,2002,Algeria,0.081897046,North Africa
11,2003,Algeria,0.099216863,North Africa
12,2004,Algeria,0.259077512,North Africa
13,2005,Algeria,0.36373273300000003,North Africa
14,2006,Algeria,0.143121609,North Africa
15,2007,Algeria,1.1609319519999999,North Africa
16,2008,Algeria,0.849219211,North Africa
17,2009,Algeria,0.9466197900000001,North Africa
18,2010,Algeria,1.177317334,North Africa
19,2011,Algeria,1.96088672,North Africa
20,2012,Algeria,2.311905609,North Africa
21,2013,Algeria,2.164546739,North Africa
22,2014,Algeria,1.314681787,North Africa
23,2015,Algeria,0.7673628940000001,North Africa
24,2016,Algeria,0.331886154,North Africa
25,2017,Algeria,0.448323792,North Africa
26,2018,Algeria,1.178823679,North Africa
27,1992,Angola,0.029409207000000003,Middle Africa
28,1993,Angola,0.18071046200000002,Middle Africa
29,1994,Angola,0.047984324,Middle Africa
30,1995,Angola,0.136907302,Middle Africa
31,1996,Angola,0.24375114300000003,Middle Africa
32,1997,Angola,0.6034961460000002,Middle Africa
33,1998,Angola,0.15369771000000002,Middle Africa
34,1999,Angola,0.355651156,Middle Africa
35,2000,Angola,1.842692967,Middle Africa
36,2001,Angola,0.721828095,Middle Africa
37,2002,Angola,1.087049343,Middle Africa
38,2003,Angola,2.20593488,Middle Africa
39,2004,Angola,4.717339145999999,Middle Africa
40,2005,Angola,6.581828714,Middle Africa
41,2006,Angola,10.933295107,Middle Africa
42,2007,Angola,12.888664602999999,Middle Africa
43,2008,Angola,22.382523829,Middle Africa
44,2009,Angola,14.675830701999999,Middle Africa
45,2010,Angola,22.815049454,Middle Africa
46,2011,Angola,24.922180492,Middle Africa
47,2012,Angola,33.561896917,Middle Africa
48,2013,Angola,31.972669347000004,Middle Africa
49,2014,Angola,31.106015045999996,Middle Africa
50,2015,Angola,16.001611383,Middle Africa
51,2016,Angola,13.966117080000002,Middle Africa
52,2017,Angola,20.698709466999997,Middle Africa
53,2018,Angola,25.652016497,Middle Africa
54,1992,Benin,0.000545868,West Africa
55,1993,Benin,7.758e-06,West Africa
56,1994,Benin,0.00047422100000000004,West Africa
57,1995,Benin,0.006119734999999999,West Africa
58,1996,Benin,0.0019606310000000004,West Africa
59,1997,Benin,0.008778936,West Africa
60,1998,Benin,0.0034898570000000003,West Africa
61,1999,Benin,0.002422371,West Africa
62,2000,Benin,0.0011248559999999998,West Africa
63,2001,Benin,5.9839999999999996e-05,West Africa
64,2002,Benin,0.01700589900000001,West Africa
65,2003,Benin,0.068398282,West Africa
66,2004,Benin,0.11127269299999999,West Africa
67,2005,Benin,0.139392855,West Africa
68,2006,Benin,0.089382926,West Africa
69,2007,Benin,0.11315947400000001,West Africa
70,2008,Benin,0.110161584,West Africa
71,2009,Benin,0.093782107,West Africa
72,2010,Benin,0.125631617,West Africa
73,2011,Benin,0.176474574,West Africa
74,2012,Benin,0.26153766700000003,West Africa
75,2013,Benin,0.206006603,West Africa
76,2014,Benin,0.26663068700000003,West Africa
77,2015,Benin,0.07784943400000001,West Africa
78,2016,Benin,0.055392328000000005,West Africa
79,2017,Benin,0.091590374,West Africa
80,2018,Benin,0.04832448499999999,West Africa
81,1992,Botswana,0.0,South Africa
82,1993,Botswana,0.0,South Africa
83,1994,Botswana,0.0,South Africa
84,1995,Botswana,0.0,South Africa
85,1996,Botswana,0.0,South Africa
86,1997,Botswana,0.0,South Africa
87,1998,Botswana,0.0,South Africa
88,1999,Botswana,0.0,South Africa
89,2000,Botswana,1.0309e-05,South Africa
90,2001,Botswana,0.0,South Africa
91,2002,Botswana,5.083000000000001e-06,South Africa
92,2003,Botswana,0.0021759880000000002,South Africa
93,2004,Botswana,0.0028607080000000004,South Africa
94,2005,Botswana,0.0040040990000000005,South Africa
95,2006,Botswana,0.008166108,South Africa
96,2007,Botswana,0.026435247000000002,South Africa
97,2008,Botswana,0.18391335700000003,South Africa
98,2009,Botswana,0.065286578,South Africa
99,2010,Botswana,0.053365699999999995,South Africa
100,2011,Botswana,0.100667978,South Africa
101,2012,Botswana,0.119478885,South Africa
102,2013,Botswana,0.1938576,South Africa
103,2014,Botswana,0.21482093199999996,South Africa
104,2015,Botswana,0.138734945,South Africa
105,2016,Botswana,0.062142098,South Africa
106,2017,Botswana,0.033548493,South Africa
107,2018,Botswana,0.014229756,South Africa
108,1992,Burkina Faso,0.012778205000000003,West Africa
109,1993,Burkina Faso,6.460000000000001e-07,West Africa
110,1994,Burkina Faso,0.0,West Africa
111,1995,Burkina Faso,0.0,West Africa
112,1996,Burkina Faso,0.0,West Africa
113,1997,Burkina Faso,0.00018112800000000002,West Africa
114,1998,Burkina Faso,0.004258755000000002,West Africa
115,1999,Burkina Faso,0.001997249,West Africa
116,2000,Burkina Faso,0.0,West Africa
117,2001,Burkina Faso,0.0,West Africa
118,2002,Burkina Faso,0.000701662,West Africa
119,2003,Burkina Faso,0.032340432,West Africa
120,2004,Burkina Faso,0.12411196399999999,West Africa
121,2005,Burkina Faso,0.163266398,West Africa
122,2006,Burkina Faso,0.193312963,West Africa
123,2007,Burkina Faso,0.155039766,West Africa
124,2008,Burkina Faso,0.062483769999999994,West Africa
125,2009,Burkina Faso,0.11617519400000001,West Africa
126,2010,Burkina Faso,0.12109443300000002,West Africa
127,2011,Burkina Faso,0.18240845100000003,West Africa
128,2012,Burkina Faso,0.23265631200000003,West Africa
129,2013,Burkina Faso,0.18689106100000002,West Africa
130,2014,Burkina Faso,0.12390395,West Africa
131,2015,Burkina Faso,0.044064898,West Africa
132,2016,Burkina Faso,0.013999131,West Africa
133,2017,Burkina Faso,0.020436214,West Africa
134,2018,Burkina Faso,0.095735845,West Africa
135,1992,Burundi,2.0556e-05,East Africa
136,1993,Burundi,4.8613000000000004e-05,East Africa
137,1994,Burundi,5.3604e-05,East Africa
138,1995,Burundi,7.503999999999999e-06,East Africa
139,1996,Burundi,2.246e-06,East Africa
140,1997,Burundi,0.0,East Africa
141,1998,Burundi,0.0,East Africa
142,1999,Burundi,0.0,East Africa
143,2000,Burundi,0.00111904,East Africa
144,2001,Burundi,2.379e-06,East Africa
145,2002,Burundi,0.000490731,East Africa
146,2003,Burundi,0.001734586,East Africa
147,2004,Burundi,0.000318687,East Africa
148,2005,Burundi,0.000327082,East Africa
149,2006,Burundi,0.0017463950000000002,East Africa
150,2007,Burundi,0.0006736260000000001,East Africa
151,2008,Burundi,0.000121419,East Africa
152,2009,Burundi,0.0009690769999999999,East Africa
153,2010,Burundi,0.0034583960000000003,East Africa
154,2011,Burundi,0.013748215999999999,East Africa
155,2012,Burundi,0.010677713,East Africa
156,2013,Burundi,0.009306831000000002,East Africa
157,2014,Burundi,0.004143095000000002,East Africa
158,2015,Burundi,0.0028155389999999997,East Africa
159,2016,Burundi,0.002736689,East Africa
160,2017,Burundi,0.006929048,East Africa
161,2018,Burundi,0.011931414999999999,East Africa
162,1992,Cote d'Ivoire,0.002337314,West Africa
163,1993,Cote d'Ivoire,0.004185985,West Africa
164,1994,Cote d'Ivoire,0.0039436459999999994,West Africa
165,1995,Cote d'Ivoire,0.000437263,West Africa
166,1996,Cote d'Ivoire,0.009997126,West Africa
167,1997,Cote d'Ivoire,0.03170727,West Africa
168,1998,Cote d'Ivoire,0.024061441000000003,West Africa
169,1999,Cote d'Ivoire,0.007927393999999999,West Africa
170,2000,Cote d'Ivoire,0.0072493,West Africa
171,2001,Cote d'Ivoire,0.007774739999999999,West Africa
172,2002,Cote d'Ivoire,0.014131153,West Africa
173,2003,Cote d'Ivoire,0.036757706,West Africa
174,2004,Cote d'Ivoire,0.108454807,West Africa
175,2005,Cote d'Ivoire,0.085085258,West Africa
176,2006,Cote d'Ivoire,0.125488509,West Africa
177,2007,Cote d'Ivoire,0.040636513,West Africa
178,2008,Cote d'Ivoire,0.07058041300000001,West Africa
179,2009,Cote d'Ivoire,0.062760509,West Africa
180,2010,Cote d'Ivoire,0.110528625,West Africa
181,2011,Cote d'Ivoire,0.162103105,West Africa
182,2012,Cote d'Ivoire,0.14255557199999996,West Africa
183,2013,Cote d'Ivoire,0.257133042,West Africa
184,2014,Cote d'Ivoire,0.21599830600000003,West Africa
185,2015,Cote d'Ivoire,0.14410947799999999,West Africa
186,2016,Cote d'Ivoire,0.101381256,West Africa
187,2017,Cote d'Ivoire,0.15791,West Africa
188,2018,Cote d'Ivoire,0.25437739600000003,West Africa
189,1992,Cabo Verde,0.0,West Africa
190,1993,Cabo Verde,0.0,West Africa
191,1994,Cabo Verde,0.0,West Africa
192,1995,Cabo Verde,0.0,West Africa
193,1996,Cabo Verde,0.0,West Africa
194,1997,Cabo Verde,0.0,West Africa
195,1998,Cabo Verde,0.0,West Africa
196,1999,Cabo Verde,0.0,West Africa
197,2000,Cabo Verde,0.0,West Africa
198,2001,Cabo Verde,0.0,West Africa
199,2002,Cabo Verde,2.6200000000000004e-07,West Africa
200,2003,Cabo Verde,3.5299999999999994e-07,West Africa
201,2004,Cabo Verde,0.0,West Africa
202,2005,Cabo Verde,0.0,West Africa
203,2006,Cabo Verde,3.44e-07,West Africa
204,2007,Cabo Verde,5.0000000000000004e-08,West Africa
205,2008,Cabo Verde,0.0,West Africa
206,2009,Cabo Verde,1.93e-07,West Africa
207,2010,Cabo Verde,1.206e-05,West Africa
208,2011,Cabo Verde,1.2062000000000002e-05,West Africa
209,2012,Cabo Verde,1.1150000000000001e-06,West Africa
210,2013,Cabo Verde,1.6e-07,West Africa
211,2014,Cabo Verde,3.0200000000000003e-06,West Africa
212,2015,Cabo Verde,2.2606e-05,West Africa
213,2016,Cabo Verde,8.328099999999999e-05,West Africa
214,2017,Cabo Verde,8.01e-06,West Africa
215,2018,Cabo Verde,0.000290464,West Africa
216,1992,Cameroon,0.016041751000000003,Middle Africa
217,1993,Cameroon,7.6954e-05,Middle Africa
218,1994,Cameroon,0.009138439,Middle Africa
219,1995,Cameroon,0.027569260999999998,Middle Africa
220,1996,Cameroon,0.035030122999999996,Middle Africa
221,1997,Cameroon,0.098375237,Middle Africa
222,1998,Cameroon,0.048645767,Middle Africa
223,1999,Cameroon,0.07631379700000003,Middle Africa
224,2000,Cameroon,0.13802753900000003,Middle Africa
225,2001,Cameroon,0.183698792,Middle Africa
226,2002,Cameroon,0.11465679,Middle Africa
227,2003,Cameroon,0.11522248799999998,Middle Africa
228,2004,Cameroon,0.148905979,Middle Africa
229,2005,Cameroon,0.066753332,Middle Africa
230,2006,Cameroon,0.199662643,Middle Africa
231,2007,Cameroon,0.16001756899999997,Middle Africa
232,2008,Cameroon,0.47919063700000003,Middle Africa
233,2009,Cameroon,0.39766776400000003,Middle Africa
234,2010,Cameroon,0.460903575,Middle Africa
235,2011,Cameroon,0.6629492349999999,Middle Africa
236,2012,Cameroon,0.8904317710000001,Middle Africa
237,2013,Cameroon,0.36616854700000007,Middle Africa
238,2014,Cameroon,0.6888768309999999,Middle Africa
239,2015,Cameroon,0.7816153440000001,Middle Africa
240,2016,Cameroon,0.402230109,Middle Africa
241,2017,Cameroon,0.5085030580000001,Middle Africa
242,2018,Cameroon,1.095691368,Middle Africa
243,1992,Central African Rep.,8.526e-06,None
244,1993,Central African Rep.,5.8021000000000006e-05,None
245,1994,Central African Rep.,0.000168533,None
246,1995,Central African Rep.,0.000161839,None
247,1996,Central African Rep.,0.002848702,None
248,1997,Central African Rep.,0.001078093,None
249,1998,Central African Rep.,9.606000000000001e-06,None
250,1999,Central African Rep.,0.0,None
251,2000,Central African Rep.,0.00030069600000000004,None
252,2001,Central African Rep.,0.0013896700000000002,None
253,2002,Central African Rep.,0.001257013,None
254,2003,Central African Rep.,0.0023125290000000002,None
255,2004,Central African Rep.,0.006245299999999999,None
256,2005,Central African Rep.,0.008990376,None
257,2006,Central African Rep.,0.008608876,None
258,2007,Central African Rep.,0.006611853,None
259,2008,Central African Rep.,0.021438597,None
260,2009,Central African Rep.,0.014645377999999999,None
261,2010,Central African Rep.,0.025164045000000003,None
262,2011,Central African Rep.,0.028137864000000002,None
263,2012,Central African Rep.,0.048619399,None
264,2013,Central African Rep.,0.040649156,None
265,2014,Central African Rep.,0.0292728,None
266,2015,Central African Rep.,0.026531972999999997,None
267,2016,Central African Rep.,0.031565170000000004,None
268,2017,Central African Rep.,0.028107918,None
269,2018,Central African Rep.,0.054109277,None
270,1992,Chad,0.000856159,Middle Africa
271,1993,Chad,1.1181999999999999e-05,Middle Africa
272,1994,Chad,3.015e-06,Middle Africa
273,1995,Chad,0.0011871910000000002,Middle Africa
274,1996,Chad,0.0004969239999999999,Middle Africa
275,1997,Chad,0.001597924,Middle Africa
276,1998,Chad,0.0,Middle Africa
277,1999,Chad,0.0,Middle Africa
278,2000,Chad,1.3875999999999999e-05,Middle Africa
279,2001,Chad,1.0816e-05,Middle Africa
280,2002,Chad,0.001534314,Middle Africa
281,2003,Chad,0.0028378240000000005,Middle Africa
282,2004,Chad,0.222585779,Middle Africa
283,2005,Chad,0.191083375,Middle Africa
284,2006,Chad,0.260313008,Middle Africa
285,2007,Chad,0.08406939100000001,Middle Africa
286,2008,Chad,0.041604208000000004,Middle Africa
287,2009,Chad,0.065367344,Middle Africa
288,2010,Chad,0.49579703999999997,Middle Africa
289,2011,Chad,0.265318912,Middle Africa
290,2012,Chad,0.220729086,Middle Africa
291,2013,Chad,0.103500226,Middle Africa
292,2014,Chad,0.10834171000000001,Middle Africa
293,2015,Chad,0.090692359,Middle Africa
294,2016,Chad,0.114908269,Middle Africa
295,2017,Chad,0.279913925,Middle Africa
296,2018,Chad,0.093922218,Middle Africa
297,1992,Comoros,3.7985e-05,East Africa
298,1993,Comoros,1.2528000000000001e-05,East Africa
299,1994,Comoros,6.878000000000001e-06,East Africa
300,1995,Comoros,0.0,East Africa
301,1996,Comoros,0.0,East Africa
302,1997,Comoros,6.830000000000001e-07,East Africa
303,1998,Comoros,0.0,East Africa
304,1999,Comoros,0.0,East Africa
305,2000,Comoros,5.256e-06,East Africa
306,2001,Comoros,4.1693e-05,East Africa
307,2002,Comoros,0.0,East Africa
308,2003,Comoros,6.4e-07,East Africa
309,2004,Comoros,0.0,East Africa
310,2005,Comoros,5.83e-07,East Africa
311,2006,Comoros,6.830000000000001e-07,East Africa
312,2007,Comoros,1.773e-06,East Africa
313,2008,Comoros,0.0,East Africa
314,2009,Comoros,2.496e-06,East Africa
315,2010,Comoros,2.4089e-05,East Africa
316,2011,Comoros,6.874e-06,East Africa
317,2012,Comoros,6.181e-06,East Africa
318,2013,Comoros,7.795000000000002e-06,East Africa
319,2014,Comoros,8.95e-06,East Africa
320,2015,Comoros,2.2210000000000002e-05,East Africa
321,2016,Comoros,1.3151e-05,East Africa
322,2017,Comoros,3.7560000000000006e-05,East Africa
323,2018,Comoros,2.7964999999999997e-05,East Africa
324,1992,Congo,0.000441067,Middle Africa
325,1993,Congo,0.00642051,Middle Africa
326,1994,Congo,0.0019776650000000004,Middle Africa
327,1995,Congo,0.0034457760000000007,Middle Africa
328,1996,Congo,0.01750712,Middle Africa
329,1997,Congo,0.15199284699999996,Middle Africa
330,1998,Congo,0.041327034000000006,Middle Africa
331,1999,Congo,0.059930136000000016,Middle Africa
332,2000,Congo,0.323715357,Middle Africa
333,2001,Congo,0.18140380200000003,Middle Africa
334,2002,Congo,0.251274424,Middle Africa
335,2003,Congo,0.814658692,Middle Africa
336,2004,Congo,1.5690609789999999,Middle Africa
337,2005,Congo,2.278029897000001,Middle Africa
338,2006,Congo,2.79164167,Middle Africa
339,2007,Congo,2.8366961120000003,Middle Africa
340,2008,Congo,3.7317014100000003,Middle Africa
341,2009,Congo,1.738812252,Middle Africa
342,2010,Congo,3.122346533,Middle Africa
343,2011,Congo,4.672291086,Middle Africa
344,2012,Congo,4.555407364,Middle Africa
345,2013,Congo,5.712190624,Middle Africa
346,2014,Congo,5.479017995,Middle Africa
347,2015,Congo,2.623858411,Middle Africa
348,2016,Congo,2.333002484,Middle Africa
349,2017,Congo,3.962065354,Middle Africa
350,2018,Congo,6.702542008,Middle Africa
351,1992,Dem. Rep. of the Congo,0.005601239,Middle Africa
352,1993,Dem. Rep. of the Congo,0.003040661,Middle Africa
353,1994,Dem. Rep. of the Congo,0.002459436,Middle Africa
354,1995,Dem. Rep. of the Congo,0.001456813,Middle Africa
355,1996,Dem. Rep. of the Congo,0.001739852,Middle Africa
356,1997,Dem. Rep. of the Congo,0.0019070450000000002,Middle Africa
357,1998,Dem. Rep. of the Congo,0.0022414139999999997,Middle Africa
358,1999,Dem. Rep. of the Congo,0.001316426,Middle Africa
359,2000,Dem. Rep. of the Congo,0.000975184,Middle Africa
360,2001,Dem. Rep. of the Congo,0.007885232,Middle Africa
361,2002,Dem. Rep. of the Congo,0.012473266,Middle Africa
362,2003,Dem. Rep. of the Congo,0.026241576000000003,Middle Africa
363,2004,Dem. Rep. of the Congo,0.09958485300000001,Middle Africa
364,2005,Dem. Rep. of the Congo,0.17577199199999996,Middle Africa
365,2006,Dem. Rep. of the Congo,0.368550111,Middle Africa
366,2007,Dem. Rep. of the Congo,0.46017598800000004,Middle Africa
367,2008,Dem. Rep. of the Congo,1.583860124,Middle Africa
368,2009,Dem. Rep. of the Congo,1.136447612,Middle Africa
369,2010,Dem. Rep. of the Congo,2.505716427,Middle Africa
370,2011,Dem. Rep. of the Congo,3.161987572,Middle Africa
371,2012,Dem. Rep. of the Congo,3.5270951839999998,Middle Africa
372,2013,Dem. Rep. of the Congo,2.7456551100000004,Middle Africa
373,2014,Dem. Rep. of the Congo,2.815742108,Middle Africa
374,2015,Dem. Rep. of the Congo,2.6274273010000004,Middle Africa
375,2016,Dem. Rep. of the Congo,2.084962098,Middle Africa
376,2017,Dem. Rep. of the Congo,3.289989305,Middle Africa
377,2018,Dem. Rep. of the Congo,5.682944652000001,Middle Africa
378,1992,Djibouti,6.372e-06,East Africa
379,1993,Djibouti,0.000138991,East Africa
380,1994,Djibouti,0.00010219000000000001,East Africa
381,1995,Djibouti,0.000134174,East Africa
382,1996,Djibouti,0.0,East Africa
383,1997,Djibouti,4.675e-06,East Africa
384,1998,Djibouti,4.972e-06,East Africa
385,1999,Djibouti,1.593e-06,East Africa
386,2000,Djibouti,2.2256000000000002e-05,East Africa
387,2001,Djibouti,0.00032169699999999997,East Africa
388,2002,Djibouti,2.1149e-05,East Africa
389,2003,Djibouti,0.00014869200000000002,East Africa
390,2004,Djibouti,0.0005143340000000001,East Africa
391,2005,Djibouti,0.000536065,East Africa
392,2006,Djibouti,0.000383907,East Africa
393,2007,Djibouti,0.0016394919999999998,East Africa
394,2008,Djibouti,0.001791549,East Africa
395,2009,Djibouti,0.000109578,East Africa
396,2010,Djibouti,0.0006907949999999999,East Africa
397,2011,Djibouti,0.000176023,East Africa
398,2012,Djibouti,0.000617415,East Africa
399,2013,Djibouti,0.00027372700000000003,East Africa
400,2014,Djibouti,0.0016849009999999997,East Africa
401,2015,Djibouti,0.000898189,East Africa
402,2016,Djibouti,0.0001341,East Africa
403,2017,Djibouti,1.5498e-05,East Africa
404,2018,Djibouti,0.000204482,East Africa
405,1992,Egypt,0.001088866,North Africa
406,1993,Egypt,0.024233924,North Africa
407,1994,Egypt,0.015185365,North Africa
408,1995,Egypt,0.013062810000000001,North Africa
409,1996,Egypt,0.0034171280000000006,North Africa
410,1997,Egypt,0.056697086,North Africa
411,1998,Egypt,0.031692943,North Africa
412,1999,Egypt,0.034357663,North Africa
413,2000,Egypt,0.102066343,North Africa
414,2001,Egypt,0.08031832899999998,North Africa
415,2002,Egypt,0.091854383,North Africa
416,2003,Egypt,0.152820992,North Africa
417,2004,Egypt,0.18793572800000002,North Africa
418,2005,Egypt,0.211135885,North Africa
419,2006,Egypt,0.216768816,North Africa
420,2007,Egypt,0.23973933300000003,North Africa
421,2008,Egypt,0.42893910300000004,North Africa
422,2009,Egypt,0.752542778,North Africa
423,2010,Egypt,0.9179301900000001,North Africa
424,2011,Egypt,1.518340176,North Africa
425,2012,Egypt,1.320736724,North Africa
426,2013,Egypt,1.8516067600000001,North Africa
427,2014,Egypt,1.159329156,North Africa
428,2015,Egypt,0.9178440800000001,North Africa
429,2016,Egypt,0.553212429,North Africa
430,2017,Egypt,1.341934131,North Africa
431,2018,Egypt,1.8345277210000002,North Africa
432,1992,Equatorial Guinea,8.0044e-05,Middle Africa
433,1993,Equatorial Guinea,2.8001000000000002e-05,Middle Africa
434,1994,Equatorial Guinea,9.7694e-05,Middle Africa
435,1995,Equatorial Guinea,0.012633236,Middle Africa
436,1996,Equatorial Guinea,0.015601149,Middle Africa
437,1997,Equatorial Guinea,0.07748776000000003,Middle Africa
438,1998,Equatorial Guinea,0.068907888,Middle Africa
439,1999,Equatorial Guinea,0.167101673,Middle Africa
440,2000,Equatorial Guinea,0.319477975,Middle Africa
441,2001,Equatorial Guinea,0.508580964,Middle Africa
442,2002,Equatorial Guinea,0.38272609700000004,Middle Africa
443,2003,Equatorial Guinea,0.4118865320000001,Middle Africa
444,2004,Equatorial Guinea,0.996649809,Middle Africa
445,2005,Equatorial Guinea,1.4378339740000001,Middle Africa
446,2006,Equatorial Guinea,2.5375916640000002,Middle Africa
447,2007,Equatorial Guinea,1.6972833460000005,Middle Africa
448,2008,Equatorial Guinea,2.267871882,Middle Africa
449,2009,Equatorial Guinea,1.055071473,Middle Africa
450,2010,Equatorial Guinea,0.598657025,Middle Africa
451,2011,Equatorial Guinea,1.6729474400000002,Middle Africa
452,2012,Equatorial Guinea,1.822803333,Middle Africa
453,2013,Equatorial Guinea,2.46991795,Middle Africa
454,2014,Equatorial Guinea,3.217190248,Middle Africa
455,2015,Equatorial Guinea,1.1664964640000002,Middle Africa
456,2016,Equatorial Guinea,0.631851506,Middle Africa
457,2017,Equatorial Guinea,1.483835026,Middle Africa
458,2018,Equatorial Guinea,2.131555877,Middle Africa
459,1992,Eritrea,0.0,East Africa
460,1993,Eritrea,0.0,East Africa
461,1994,Eritrea,0.0,East Africa
462,1995,Eritrea,0.0,East Africa
463,1996,Eritrea,0.0,East Africa
464,1997,Eritrea,0.0,East Africa
465,1998,Eritrea,3.573800000000001e-05,East Africa
466,1999,Eritrea,1.9212000000000002e-05,East Africa
467,2000,Eritrea,0.0,East Africa
468,2001,Eritrea,9.445e-06,East Africa
469,2002,Eritrea,4.854e-06,East Africa
470,2003,Eritrea,4.6399999999999997e-07,East Africa
471,2004,Eritrea,0.00051054,East Africa
472,2005,Eritrea,0.00040840800000000013,East Africa
473,2006,Eritrea,0.000708114,East Africa
474,2007,Eritrea,0.00251868,East Africa
475,2008,Eritrea,0.002473851,East Africa
476,2009,Eritrea,0.000422234,East Africa
477,2010,Eritrea,0.0010541209999999999,East Africa
478,2011,Eritrea,0.000870583,East Africa
479,2012,Eritrea,0.001259387,East Africa
480,2013,Eritrea,0.050934222,East Africa
481,2014,Eritrea,0.32273329,East Africa
482,2015,Eritrea,0.178730319,East Africa
483,2016,Eritrea,0.175474877,East Africa
484,2017,Eritrea,0.170690324,East Africa
485,2018,Eritrea,0.31457795499999996,East Africa
486,1992,Ethiopia,0.0,East Africa
487,1993,Ethiopia,2.8e-06,East Africa
488,1994,Ethiopia,3.863e-05,East Africa
489,1995,Ethiopia,0.000605554,East Africa
490,1996,Ethiopia,0.00020536,East Africa
491,1997,Ethiopia,0.000626598,East Africa
492,1998,Ethiopia,0.000476654,East Africa
493,1999,Ethiopia,0.000769058,East Africa
494,2000,Ethiopia,0.0028717,East Africa
495,2001,Ethiopia,0.001769685,East Africa
496,2002,Ethiopia,0.003685135,East Africa
497,2003,Ethiopia,0.004738059,East Africa
498,2004,Ethiopia,0.014386455999999999,East Africa
499,2005,Ethiopia,0.08570898000000003,East Africa
500,2006,Ethiopia,0.131823476,East Africa
501,2007,Ethiopia,0.087130422,East Africa
502,2008,Ethiopia,0.08165617900000001,East Africa
503,2009,Ethiopia,0.21475555899999998,East Africa
504,2010,Ethiopia,0.273970311,East Africa
505,2011,Ethiopia,0.292059109,East Africa
506,2012,Ethiopia,0.309365546,East Africa
507,2013,Ethiopia,0.31568755,East Africa
508,2014,Ethiopia,0.48990461,East Africa
509,2015,Ethiopia,0.380349712,East Africa
510,2016,Ethiopia,0.419419894,East Africa
511,2017,Ethiopia,0.357582736,East Africa
512,2018,Ethiopia,0.345312966,East Africa
513,1992,Fmr Sudan,0.009227045000000001,None
514,1993,Fmr Sudan,0.000139332,None
515,1994,Fmr Sudan,0.053129699,None
516,1995,Fmr Sudan,0.07450721800000001,None
517,1996,Fmr Sudan,0.038482815000000004,None
518,1997,Fmr Sudan,0.023005078,None
519,1998,Fmr Sudan,0.001467063,None
520,1999,Fmr Sudan,0.053294379999999995,None
521,2000,Fmr Sudan,0.731728392,None
522,2001,Fmr Sudan,0.938126876,None
523,2002,Fmr Sudan,1.157585383,None
524,2003,Fmr Sudan,1.4418214130000002,None
525,2004,Fmr Sudan,1.7058765649999998,None
526,2005,Fmr Sudan,2.614461953,None
527,2006,Fmr Sudan,1.9434817210000002,None
528,2007,Fmr Sudan,4.171239208,None
529,2008,Fmr Sudan,6.325889462,None
530,2009,Fmr Sudan,4.684821913000001,None
531,2010,Fmr Sudan,6.671907016,None
532,2011,Fmr Sudan,9.541533519000001,None
533,2012,Fmr Sudan,0.0,None
534,2013,Fmr Sudan,0.0,None
535,2014,Fmr Sudan,0.0,None
536,2015,Fmr Sudan,0.0,None
537,2016,Fmr Sudan,0.0,None
538,2017,Fmr Sudan,0.0,None
539,2018,Fmr Sudan,0.0,None
540,1992,Gabon,0.048239047,Middle Africa
541,1993,Gabon,0.067812129,Middle Africa
542,1994,Gabon,0.08670371899999998,Middle Africa
543,1995,Gabon,0.12325483,Middle Africa
544,1996,Gabon,0.184875197,Middle Africa
545,1997,Gabon,0.313134077,Middle Africa
546,1998,Gabon,0.14717051,Middle Africa
547,1999,Gabon,0.279117286,Middle Africa
548,2000,Gabon,0.337273727,Middle Africa
549,2001,Gabon,0.259354401,Middle Africa
550,2002,Gabon,0.23194336999999998,Middle Africa
551,2003,Gabon,0.30060334,Middle Africa
552,2004,Gabon,0.40028579400000003,Middle Africa
553,2005,Gabon,0.35167800800000004,Middle Africa
554,2006,Gabon,0.8167608120000001,Middle Africa
555,2007,Gabon,1.095733303,Middle Africa
556,2008,Gabon,1.7926127509999998,Middle Africa
557,2009,Gabon,0.7138861099999999,Middle Africa
558,2010,Gabon,0.969744221,Middle Africa
559,2011,Gabon,0.5779757240000001,Middle Africa
560,2012,Gabon,0.6180941680000002,Middle Africa
561,2013,Gabon,0.898643501,Middle Africa
562,2014,Gabon,1.607576573,Middle Africa
563,2015,Gabon,1.1001943410000001,Middle Africa
564,2016,Gabon,1.439078974,Middle Africa
565,2017,Gabon,2.293610995,Middle Africa
566,2018,Gabon,2.964328252,Middle Africa
567,1992,Gambia,0.00011491700000000001,West Africa
568,1993,Gambia,0.00033655800000000004,West Africa
569,1994,Gambia,3.0624000000000004e-05,West Africa
570,1995,Gambia,7.0645e-05,West Africa
571,1996,Gambia,0.0,West Africa
572,1997,Gambia,0.0,West Africa
573,1998,Gambia,0.0,West Africa
574,1999,Gambia,0.0,West Africa
575,2000,Gambia,0.0,West Africa
576,2001,Gambia,0.0,West Africa
577,2002,Gambia,0.0,West Africa
578,2003,Gambia,0.001548765,West Africa
579,2004,Gambia,0.000124305,West Africa
580,2005,Gambia,0.000170378,West Africa
581,2006,Gambia,0.000445849,West Africa
582,2007,Gambia,0.008688261,West Africa
583,2008,Gambia,0.003164165,West Africa
584,2009,Gambia,0.006639505000000001,West Africa
585,2010,Gambia,0.014998147,West Africa
586,2011,Gambia,0.054101422999999996,West Africa
587,2012,Gambia,0.084712711,West Africa
588,2013,Gambia,0.077977808,West Africa
589,2014,Gambia,0.037932266,West Africa
590,2015,Gambia,0.055789251,West Africa
591,2016,Gambia,0.090094547,West Africa
592,2017,Gambia,0.099052161,West Africa
593,2018,Gambia,0.020062361,West Africa
594,1992,Ghana,0.005305577,West Africa
595,1993,Ghana,0.0064079720000000005,West Africa
596,1994,Ghana,0.025222104000000002,West Africa
597,1995,Ghana,0.004914107,West Africa
598,1996,Ghana,0.003353989,West Africa
599,1997,Ghana,0.002528767,West Africa
600,1998,Ghana,0.008523648,West Africa
601,1999,Ghana,0.004814918,West Africa
602,2000,Ghana,0.014993970999999998,West Africa
603,2001,Ghana,0.03660075,West Africa
604,2002,Ghana,0.030145440000000003,West Africa
605,2003,Ghana,0.034309463,West Africa
606,2004,Ghana,0.080383412,West Africa
607,2005,Ghana,0.096006327,West Africa
608,2006,Ghana,0.079677895,West Africa
609,2007,Ghana,0.053522024,West Africa
610,2008,Ghana,0.09340031500000001,West Africa
611,2009,Ghana,0.079622438,West Africa
612,2010,Ghana,0.123382182,West Africa
613,2011,Ghana,0.363184865,West Africa
614,2012,Ghana,0.6435479799999999,West Africa
615,2013,Ghana,1.203330219,West Africa
616,2014,Ghana,1.452597286,West Africa
617,2015,Ghana,1.2964706570000002,West Africa
618,2016,Ghana,1.3096498699999999,West Africa
619,2017,Ghana,1.852939054,West Africa
620,2018,Ghana,2.4261402559999996,West Africa
621,1992,Guinea,0.000162473,West Africa
622,1993,Guinea,0.014511983000000001,West Africa
623,1994,Guinea,0.013531804000000001,West Africa
624,1995,Guinea,0.002055499,West Africa
625,1996,Guinea,0.003747352,West Africa
626,1997,Guinea,0.035979485,West Africa
627,1998,Guinea,0.0009493540000000001,West Africa
628,1999,Guinea,0.007906491,West Africa
629,2000,Guinea,2.0997e-05,West Africa
630,2001,Guinea,4.2513000000000004e-05,West Africa
631,2002,Guinea,0.011535848,West Africa
632,2003,Guinea,0.010451921000000001,West Africa
633,2004,Guinea,0.014794647,West Africa
634,2005,Guinea,0.0030020539999999997,West Africa
635,2006,Guinea,0.012281278999999999,West Africa
636,2007,Guinea,0.09235684300000001,West Africa
637,2008,Guinea,0.025302691,West Africa
638,2009,Guinea,0.006239559000000002,West Africa
639,2010,Guinea,0.05499739700000001,West Africa
640,2011,Guinea,0.015567159,West Africa
641,2012,Guinea,0.010994621999999999,West Africa
642,2013,Guinea,0.084091702,West Africa
643,2014,Guinea,0.041344714000000005,West Africa
644,2015,Guinea,0.025933184,West Africa
645,2016,Guinea,0.6300569410000001,West Africa
646,2017,Guinea,1.4667534460000002,West Africa
647,2018,Guinea,2.2461477690000002,West Africa
648,1992,Guinea-Bissau,0.0,West Africa
649,1993,Guinea-Bissau,0.001051163,West Africa
650,1994,Guinea-Bissau,0.0009113389999999999,West Africa
651,1995,Guinea-Bissau,3.214e-06,West Africa
652,1996,Guinea-Bissau,0.0,West Africa
653,1997,Guinea-Bissau,0.001038609,West Africa
654,1998,Guinea-Bissau,0.0,West Africa
655,1999,Guinea-Bissau,0.00019551,West Africa
656,2000,Guinea-Bissau,0.0001817,West Africa
657,2001,Guinea-Bissau,0.0,West Africa
658,2002,Guinea-Bissau,0.0,West Africa
659,2003,Guinea-Bissau,0.0,West Africa
660,2004,Guinea-Bissau,2.925100000000001e-05,West Africa
661,2005,Guinea-Bissau,0.0,West Africa
662,2006,Guinea-Bissau,6.400000000000002e-08,West Africa
663,2007,Guinea-Bissau,0.000172994,West Africa
664,2008,Guinea-Bissau,0.0012425620000000002,West Africa
665,2009,Guinea-Bissau,0.001617183,West Africa
666,2010,Guinea-Bissau,0.0038628699999999996,West Africa
667,2011,Guinea-Bissau,0.004112691000000001,West Africa
668,2012,Guinea-Bissau,0.006633460000000001,West Africa
669,2013,Guinea-Bissau,0.016827743,West Africa
670,2014,Guinea-Bissau,0.049956236,West Africa
671,2015,Guinea-Bissau,0.017812428,West Africa
672,2016,Guinea-Bissau,0.000161227,West Africa
673,2017,Guinea-Bissau,0.000402375,West Africa
674,2018,Guinea-Bissau,0.007638682000000002,West Africa
675,1992,Kenya,0.002239258,East Africa
676,1993,Kenya,0.003847613,East Africa
677,1994,Kenya,0.004672468000000001,East Africa
678,1995,Kenya,0.0013859870000000002,East Africa
679,1996,Kenya,0.0008717379999999999,East Africa
680,1997,Kenya,0.0011813849999999999,East Africa
681,1998,Kenya,0.0014923010000000001,East Africa
682,1999,Kenya,0.004914732,East Africa
683,2000,Kenya,0.0038497910000000004,East Africa
684,2001,Kenya,0.00587761,East Africa
685,2002,Kenya,0.0057978,East Africa
686,2003,Kenya,0.008735702,East Africa
687,2004,Kenya,0.016969229000000002,East Africa
688,2005,Kenya,0.017652134,East Africa
689,2006,Kenya,0.024415593000000003,East Africa
690,2007,Kenya,0.028111587,East Africa
691,2008,Kenya,0.03472271699999999,East Africa
692,2009,Kenya,0.029661843,East Africa
693,2010,Kenya,0.039207733000000015,East Africa
694,2011,Kenya,0.059690991000000006,East Africa
695,2012,Kenya,0.052407939,East Africa
696,2013,Kenya,0.052782890000000006,East Africa
697,2014,Kenya,0.077033019,East Africa
698,2015,Kenya,0.09874302400000001,East Africa
699,2016,Kenya,0.09713549499999999,East Africa
700,2017,Kenya,0.16682023999999998,East Africa
701,2018,Kenya,0.174199705,East Africa
702,1992,Lesotho,0.0,South Africa
703,1993,Lesotho,0.0,South Africa
704,1994,Lesotho,0.0,South Africa
705,1995,Lesotho,0.0,South Africa
706,1996,Lesotho,0.0,South Africa
707,1997,Lesotho,0.0,South Africa
708,1998,Lesotho,0.0,South Africa
709,1999,Lesotho,0.0,South Africa
710,2000,Lesotho,5.1210000000000006e-05,South Africa
711,2001,Lesotho,0.001128751,South Africa
712,2002,Lesotho,0.0,South Africa
713,2003,Lesotho,1.03e-06,South Africa
714,2004,Lesotho,5.47e-07,South Africa
715,2005,Lesotho,0.000330851,South Africa
716,2006,Lesotho,0.0012803279999999998,South Africa
717,2007,Lesotho,0.00124366,South Africa
718,2008,Lesotho,0.001697862,South Africa
719,2009,Lesotho,0.001682823,South Africa
720,2010,Lesotho,0.004528932,South Africa
721,2011,Lesotho,0.007410926,South Africa
722,2012,Lesotho,0.005417903,South Africa
723,2013,Lesotho,0.013412648999999999,South Africa
724,2014,Lesotho,0.012080519000000001,South Africa
725,2015,Lesotho,0.012002781,South Africa
726,2016,Lesotho,0.019643940000000002,South Africa
727,2017,Lesotho,0.024846786,South Africa
728,2018,Lesotho,0.03010386,South Africa
729,1992,Liberia,7.23e-07,West Africa
730,1993,Liberia,0.005363704,West Africa
731,1994,Liberia,0.001249558,West Africa
732,1995,Liberia,9.7848e-05,West Africa
733,1996,Liberia,0.0,West Africa
734,1997,Liberia,0.00013406199999999998,West Africa
735,1998,Liberia,0.0,West Africa
736,1999,Liberia,1.147e-06,West Africa
737,2000,Liberia,0.035286327,West Africa
738,2001,Liberia,0.028786759999999998,West Africa
739,2002,Liberia,0.055586404000000006,West Africa
740,2003,Liberia,0.041954581,West Africa
741,2004,Liberia,0.016519461,West Africa
742,2005,Liberia,0.014170059,West Africa
743,2006,Liberia,0.001928084,West Africa
744,2007,Liberia,0.003277249,West Africa
745,2008,Liberia,0.005935699,West Africa
746,2009,Liberia,0.003959133,West Africa
747,2010,Liberia,0.022482685,West Africa
748,2011,Liberia,0.041244694000000005,West Africa
749,2012,Liberia,0.229945366,West Africa
750,2013,Liberia,0.16441751499999996,West Africa
751,2014,Liberia,0.28843857300000003,West Africa
752,2015,Liberia,0.172168095,West Africa
753,2016,Liberia,0.048171157,West Africa
754,2017,Liberia,0.028857194,West Africa
755,2018,Liberia,0.089245393,West Africa
756,1992,Libya,0.089795366,North Africa
757,1993,Libya,0.12128825000000001,North Africa
758,1994,Libya,0.0025645790000000004,North Africa
759,1995,Libya,0.071955512,North Africa
760,1996,Libya,0.055736647,North Africa
761,1997,Libya,0.016931564,North Africa
762,1998,Libya,0.021539320999999997,North Africa
763,1999,Libya,0.016867987,North Africa
764,2000,Libya,0.025061401,North Africa
765,2001,Libya,0.054200726000000005,North Africa
766,2002,Libya,0.0012180790000000002,North Africa
767,2003,Libya,0.040946315000000004,North Africa
768,2004,Libya,0.41675816800000004,North Africa
769,2005,Libya,0.9417188470000001,North Africa
770,2006,Libya,1.693945966,North Africa
771,2007,Libya,1.547495236,North Africa
772,2008,Libya,2.588993333,North Africa
773,2009,Libya,3.173884051,North Africa
774,2010,Libya,4.515614893000001,North Africa
775,2011,Libya,2.0635752829999996,North Africa
776,2012,Libya,6.37590167,North Africa
777,2013,Libya,2.0389280039999997,North Africa
778,2014,Libya,0.726370287,North Africa
779,2015,Libya,0.95154955,North Africa
780,2016,Libya,0.345620186,North Africa
781,2017,Libya,1.362657776,North Africa
782,2018,Libya,4.742280287,North Africa
783,1992,Madagascar,0.0017618900000000001,East Africa
784,1993,Madagascar,0.001352056,East Africa
785,1994,Madagascar,0.000970015,East Africa
786,1995,Madagascar,0.005240464,East Africa
787,1996,Madagascar,0.0030841880000000003,East Africa
788,1997,Madagascar,0.003196253,East Africa
789,1998,Madagascar,0.0017454670000000001,East Africa
790,1999,Madagascar,0.004908891000000001,East Africa
791,2000,Madagascar,0.006452202,East Africa
792,2001,Madagascar,0.008839953999999999,East Africa
793,2002,Madagascar,0.011319532,East Africa
794,2003,Madagascar,0.00695603,East Africa
795,2004,Madagascar,0.014081299,East Africa
796,2005,Madagascar,0.013997353,East Africa
797,2006,Madagascar,0.023810033999999997,East Africa
798,2007,Madagascar,0.029662011000000002,East Africa
799,2008,Madagascar,0.065171536,East Africa
800,2009,Madagascar,0.054821973,East Africa
801,2010,Madagascar,0.105382497,East Africa
802,2011,Madagascar,0.10338856,East Africa
803,2012,Madagascar,0.114442664,East Africa
804,2013,Madagascar,0.17390631499999998,East Africa
805,2014,Madagascar,0.11809573200000001,East Africa
806,2015,Madagascar,0.171132242,East Africa
807,2016,Madagascar,0.160793418,East Africa
808,2017,Madagascar,0.227093068,East Africa
809,2018,Madagascar,0.21470658999999997,East Africa
810,1992,Malawi,0.000886393,East Africa
811,1993,Malawi,0.0,East Africa
812,1994,Malawi,0.0,East Africa
813,1995,Malawi,2.1970000000000003e-06,East Africa
814,1996,Malawi,0.00022300500000000002,East Africa
815,1997,Malawi,0.000656271,East Africa
816,1998,Malawi,0.0,East Africa
817,1999,Malawi,0.0,East Africa
818,2000,Malawi,0.0,East Africa
819,2001,Malawi,0.00040254200000000004,East Africa
820,2002,Malawi,0.000605142,East Africa
821,2003,Malawi,8.797e-06,East Africa
822,2004,Malawi,4.4545e-05,East Africa
823,2005,Malawi,0.002067729,East Africa
824,2006,Malawi,0.000985933,East Africa
825,2007,Malawi,0.000758947,East Africa
826,2008,Malawi,0.008111324,East Africa
827,2009,Malawi,0.016989942000000004,East Africa
828,2010,Malawi,0.031475698,East Africa
829,2011,Malawi,0.046036471999999995,East Africa
830,2012,Malawi,0.047503176,East Africa
831,2013,Malawi,0.038420985000000005,East Africa
832,2014,Malawi,0.03414295600000001,East Africa
833,2015,Malawi,0.029604640000000005,East Africa
834,2016,Malawi,0.026116888,East Africa
835,2017,Malawi,0.027326144,East Africa
836,2018,Malawi,0.027355541,East Africa
837,1992,Mali,0.034907615,West Africa
838,1993,Mali,0.0,West Africa
839,1994,Mali,0.009094365,West Africa
840,1995,Mali,0.036342653999999995,West Africa
841,1996,Mali,0.013611796,West Africa
842,1997,Mali,0.027480847,West Africa
843,1998,Mali,0.004863940000000001,West Africa
844,1999,Mali,0.0013578840000000002,West Africa
845,2000,Mali,0.000405538,West Africa
846,2001,Mali,0.0010191299999999998,West Africa
847,2002,Mali,0.0017302950000000002,West Africa
848,2003,Mali,0.028390044,West Africa
849,2004,Mali,0.106754915,West Africa
850,2005,Mali,0.07925022299999998,West Africa
851,2006,Mali,0.114239749,West Africa
852,2007,Mali,0.035895378,West Africa
853,2008,Mali,0.06295157300000001,West Africa
854,2009,Mali,0.037048736,West Africa
855,2010,Mali,0.07041072,West Africa
856,2011,Mali,0.149594717,West Africa
857,2012,Mali,0.331685364,West Africa
858,2013,Mali,0.152467771,West Africa
859,2014,Mali,0.09565051699999999,West Africa
860,2015,Mali,0.092988512,West Africa
861,2016,Mali,0.09870124300000001,West Africa
862,2017,Mali,0.067877242,West Africa
863,2018,Mali,0.088509008,West Africa
864,1992,Mauritania,8.1528e-05,West Africa
865,1993,Mauritania,0.0,West Africa
866,1994,Mauritania,4.1198e-05,West Africa
867,1995,Mauritania,0.000513278,West Africa
868,1996,Mauritania,0.00019744800000000002,West Africa
869,1997,Mauritania,0.0004128020000000001,West Africa
870,1998,Mauritania,0.0012092799999999999,West Africa
871,1999,Mauritania,0.00485029,West Africa
872,2000,Mauritania,0.00494524,West Africa
873,2001,Mauritania,0.004369173,West Africa
874,2002,Mauritania,0.009766180000000001,West Africa
875,2003,Mauritania,0.0077072009999999995,West Africa
876,2004,Mauritania,0.050399327,West Africa
877,2005,Mauritania,0.004057497000000002,West Africa
878,2006,Mauritania,0.402016196,West Africa
879,2007,Mauritania,0.5693808270000001,West Africa
880,2008,Mauritania,1.04413841,West Africa
881,2009,Mauritania,0.853928225,West Africa
882,2010,Mauritania,0.96703335,West Africa
883,2011,Mauritania,1.517037125,West Africa
884,2012,Mauritania,1.468673986,West Africa
885,2013,Mauritania,1.7285216840000002,West Africa
886,2014,Mauritania,1.170579521,West Africa
887,2015,Mauritania,0.7180699469999999,West Africa
888,2016,Mauritania,0.7475590540000001,West Africa
889,2017,Mauritania,0.786505331,West Africa
890,2018,Mauritania,0.858209574,West Africa
891,1992,Mauritius,0.00013586500000000001,East Africa
892,1993,Mauritius,0.000390398,East Africa
893,1994,Mauritius,7.119099999999999e-05,East Africa
894,1995,Mauritius,5.5248e-05,East Africa
895,1996,Mauritius,1.0141e-05,East Africa
896,1997,Mauritius,0.00013756300000000002,East Africa
897,1998,Mauritius,0.000627462,East Africa
898,1999,Mauritius,0.022388394000000002,East Africa
899,2000,Mauritius,0.029296623999999997,East Africa
900,2001,Mauritius,0.008951552999999998,East Africa
901,2002,Mauritius,0.004671037,East Africa
902,2003,Mauritius,0.003126003,East Africa
903,2004,Mauritius,0.006654282000000001,East Africa
904,2005,Mauritius,0.008277382000000002,East Africa
905,2006,Mauritius,0.007326333,East Africa
906,2007,Mauritius,0.005024954,East Africa
907,2008,Mauritius,0.0057054950000000005,East Africa
908,2009,Mauritius,0.006025685,East Africa
909,2010,Mauritius,0.010099302,East Africa
910,2011,Mauritius,0.009686572999999999,East Africa
911,2012,Mauritius,0.010713018,East Africa
912,2013,Mauritius,0.012868086000000003,East Africa
913,2014,Mauritius,0.014051339000000001,East Africa
914,2015,Mauritius,0.015335043,East Africa
915,2016,Mauritius,0.019707669,East Africa
916,2017,Mauritius,0.022435009000000002,East Africa
917,2018,Mauritius,0.037456583,East Africa
918,1992,Morocco,0.040502046,North Africa
919,1993,Morocco,0.029389099000000002,North Africa
920,1994,Morocco,0.008527514,North Africa
921,1995,Morocco,0.039828404,North Africa
922,1996,Morocco,0.017228515,North Africa
923,1997,Morocco,0.043363388,North Africa
924,1998,Morocco,0.086056821,North Africa
925,1999,Morocco,0.055488155000000004,North Africa
926,2000,Morocco,0.05823477900000001,North Africa
927,2001,Morocco,0.084348671,North Africa
928,2002,Morocco,0.12214832800000001,North Africa
929,2003,Morocco,0.160971507,North Africa
930,2004,Morocco,0.2140821,North Africa
931,2005,Morocco,0.277448396,North Africa
932,2006,Morocco,0.35940634,North Africa
933,2007,Morocco,0.423891838,North Africa
934,2008,Morocco,0.46105883599999997,North Africa
935,2009,Morocco,0.375013702,North Africa
936,2010,Morocco,0.452321985,North Africa
937,2011,Morocco,0.47562750300000006,North Africa
938,2012,Morocco,0.558415936,North Africa
939,2013,Morocco,0.53142815,North Africa
940,2014,Morocco,0.5179122110000001,North Africa
941,2015,Morocco,0.521521041,North Africa
942,2016,Morocco,0.5534567260000001,North Africa
943,2017,Morocco,0.650597142,North Africa
944,2018,Morocco,0.71106791,North Africa
945,1992,Mozambique,0.038389843,East Africa
946,1993,Mozambique,0.006717530999999999,East Africa
947,1994,Mozambique,0.005576033,East Africa
948,1995,Mozambique,0.001092985,East Africa
949,1996,Mozambique,0.000198206,East Africa
950,1997,Mozambique,0.000729796,East Africa
951,1998,Mozambique,0.00042730100000000005,East Africa
952,1999,Mozambique,0.003299368,East Africa
953,2000,Mozambique,0.008777791,East Africa
954,2001,Mozambique,0.011193891000000001,East Africa
955,2002,Mozambique,0.02257819000000001,East Africa
956,2003,Mozambique,0.026591793,East Africa
957,2004,Mozambique,0.044286108,East Africa
958,2005,Mozambique,0.07352732400000002,East Africa
959,2006,Mozambique,0.079772228,East Africa
960,2007,Mozambique,0.124248069,East Africa
961,2008,Mozambique,0.125882374,East Africa
962,2009,Mozambique,0.17755436899999996,East Africa
963,2010,Mozambique,0.201077529,East Africa
964,2011,Mozambique,0.257241199,East Africa
965,2012,Mozambique,0.403320479,East Africa
966,2013,Mozambique,0.454874745,East Africa
967,2014,Mozambique,1.6498050780000002,East Africa
968,2015,Mozambique,0.45261605,East Africa
969,2016,Mozambique,0.479356871,East Africa
970,2017,Mozambique,0.5287152190000001,East Africa
971,2018,Mozambique,0.6513835830000001,East Africa
972,1992,Namibia,0.0,South Africa
973,1993,Namibia,0.0,South Africa
974,1994,Namibia,0.0,South Africa
975,1995,Namibia,0.0,South Africa
976,1996,Namibia,0.0,South Africa
977,1997,Namibia,0.0,South Africa
978,1998,Namibia,0.0,South Africa
979,1999,Namibia,0.0,South Africa
980,2000,Namibia,0.003591186,South Africa
981,2001,Namibia,0.011262864000000001,South Africa
982,2002,Namibia,0.028930214000000003,South Africa
983,2003,Namibia,0.036951145000000005,South Africa
984,2004,Namibia,0.04657632200000001,South Africa
985,2005,Namibia,0.07638855699999998,South Africa
986,2006,Namibia,0.121857253,South Africa
987,2007,Namibia,0.1576586,South Africa
988,2008,Namibia,0.28217809500000013,South Africa
989,2009,Namibia,0.31238101800000007,South Africa
990,2010,Namibia,0.481495479,South Africa
991,2011,Namibia,0.224481187,South Africa
992,2012,Namibia,0.24126760200000003,South Africa
993,2013,Namibia,0.257700065,South Africa
994,2014,Namibia,0.317341357,South Africa
995,2015,Namibia,0.21163375099999998,South Africa
996,2016,Namibia,0.16578470900000003,South Africa
997,2017,Namibia,0.297541347,South Africa
998,2018,Namibia,0.502981416,South Africa
999,1992,Niger,0.0,West Africa
1000,1993,Niger,3.2095e-05,West Africa
1001,1994,Niger,0.000753624,West Africa
1002,1995,Niger,0.000135,West Africa
1003,1996,Niger,9.738e-06,West Africa
1004,1997,Niger,0.000311888,West Africa
1005,1998,Niger,0.0,West Africa
1006,1999,Niger,0.0,West Africa
1007,2000,Niger,0.0,West Africa
1008,2001,Niger,0.0,West Africa
1009,2002,Niger,8.3e-08,West Africa
1010,2003,Niger,1.0000000000000003e-09,West Africa
1011,2004,Niger,1.1575999999999999e-05,West Africa
1012,2005,Niger,6.5e-07,West Africa
1013,2006,Niger,0.0009270960000000001,West Africa
1014,2007,Niger,4.5163e-05,West Africa
1015,2008,Niger,6.7877e-05,West Africa
1016,2009,Niger,4.8017000000000005e-05,West Africa
1017,2010,Niger,0.000170645,West Africa
1018,2011,Niger,0.0021051159999999998,West Africa
1019,2012,Niger,0.03716347800000001,West Africa
1020,2013,Niger,0.015875365000000002,West Africa
1021,2014,Niger,0.07907359799999998,West Africa
1022,2015,Niger,0.140993156,West Africa
1023,2016,Niger,0.12423612299999999,West Africa
1024,2017,Niger,0.099078835,West Africa
1025,2018,Niger,0.17111315400000002,West Africa
1026,1992,Nigeria,0.005961981,West Africa
1027,1993,Nigeria,0.000529845,West Africa
1028,1994,Nigeria,0.001064257,West Africa
1029,1995,Nigeria,0.059711253,West Africa
1030,1996,Nigeria,0.006820653,West Africa
1031,1997,Nigeria,0.010632028,West Africa
1032,1998,Nigeria,0.027423349000000003,West Africa
1033,1999,Nigeria,0.182483832,West Africa
1034,2000,Nigeria,0.307296342,West Africa
1035,2001,Nigeria,0.22715747200000003,West Africa
1036,2002,Nigeria,0.121308269,West Africa
1037,2003,Nigeria,0.07165879200000001,West Africa
1038,2004,Nigeria,0.463216342,West Africa
1039,2005,Nigeria,0.526879258,West Africa
1040,2006,Nigeria,0.277747279,West Africa
1041,2007,Nigeria,0.537080321,West Africa
1042,2008,Nigeria,0.5083809810000001,West Africa
1043,2009,Nigeria,0.8965258330000001,West Africa
1044,2010,Nigeria,1.071622397,West Africa
1045,2011,Nigeria,1.583680065,West Africa
1046,2012,Nigeria,1.2737930100000001,West Africa
1047,2013,Nigeria,1.5466028800000002,West Africa
1048,2014,Nigeria,2.658354827,West Africa
1049,2015,Nigeria,1.24070078,West Africa
1050,2016,Nigeria,0.907008025,West Africa
1051,2017,Nigeria,1.6240496020000001,West Africa
1052,2018,Nigeria,1.8589938739999998,West Africa
1053,1992,Rwanda,1.3265000000000001e-05,East Africa
1054,1993,Rwanda,7.533e-06,East Africa
1055,1994,Rwanda,0.0,East Africa
1056,1995,Rwanda,1.8994e-05,East Africa
1057,1996,Rwanda,0.000129563,East Africa
1058,1997,Rwanda,0.000659572,East Africa
1059,1998,Rwanda,0.0019090490000000003,East Africa
1060,1999,Rwanda,0.0017388430000000001,East Africa
1061,2000,Rwanda,0.002626093,East Africa
1062,2001,Rwanda,0.006369694,East Africa
1063,2002,Rwanda,0.005191254,East Africa
1064,2003,Rwanda,0.00711694,East Africa
1065,2004,Rwanda,0.016026199,East Africa
1066,2005,Rwanda,0.011532034,East Africa
1067,2006,Rwanda,0.021887575,East Africa
1068,2007,Rwanda,0.023634316000000002,East Africa
1069,2008,Rwanda,0.029578975,East Africa
1070,2009,Rwanda,0.025698019,East Africa
1071,2010,Rwanda,0.038673597000000004,East Africa
1072,2011,Rwanda,0.07812935,East Africa
1073,2012,Rwanda,0.07146545400000001,East Africa
1074,2013,Rwanda,0.108449744,East Africa
1075,2014,Rwanda,0.09187160899999999,East Africa
1076,2015,Rwanda,0.043535649999999995,East Africa
1077,2016,Rwanda,0.033140090999999997,East Africa
1078,2017,Rwanda,0.028879228000000003,East Africa
1079,2018,Rwanda,0.039959232000000004,East Africa
1080,1992,Senegal,0.000542557,West Africa
1081,1993,Senegal,0.002918876,West Africa
1082,1994,Senegal,0.001387588,West Africa
1083,1995,Senegal,0.00047193800000000003,West Africa
1084,1996,Senegal,0.001605669,West Africa
1085,1997,Senegal,0.000427686,West Africa
1086,1998,Senegal,0.00039914299999999997,West Africa
1087,1999,Senegal,0.000538181,West Africa
1088,2000,Senegal,0.0015286420000000002,West Africa
1089,2001,Senegal,0.000375639,West Africa
1090,2002,Senegal,0.0010716730000000002,West Africa
1091,2003,Senegal,0.006282633000000002,West Africa
1092,2004,Senegal,0.00394108,West Africa
1093,2005,Senegal,0.007879753,West Africa
1094,2006,Senegal,0.009360558000000001,West Africa
1095,2007,Senegal,0.022530569,West Africa
1096,2008,Senegal,0.004969956,West Africa
1097,2009,Senegal,0.041975233,West Africa
1098,2010,Senegal,0.05116011300000001,West Africa
1099,2011,Senegal,0.068708685,West Africa
1100,2012,Senegal,0.05135631500000001,West Africa
1101,2013,Senegal,0.039730171,West Africa
1102,2014,Senegal,0.046996062000000005,West Africa
1103,2015,Senegal,0.11165984099999998,West Africa
1104,2016,Senegal,0.161589461,West Africa
1105,2017,Senegal,0.149698902,West Africa
1106,2018,Senegal,0.128508972,West Africa
1107,1992,Seychelles,3.1231e-05,East Africa
1108,1993,Seychelles,0.0,East Africa
1109,1994,Seychelles,0.0,East Africa
1110,1995,Seychelles,0.0,East Africa
1111,1996,Seychelles,0.0,East Africa
1112,1997,Seychelles,0.0,East Africa
1113,1998,Seychelles,0.0,East Africa
1114,1999,Seychelles,1e-06,East Africa
1115,2000,Seychelles,0.00015374000000000003,East Africa
1116,2001,Seychelles,5.0792000000000004e-05,East Africa
1117,2002,Seychelles,1.3521e-05,East Africa
1118,2003,Seychelles,3.3083e-05,East Africa
1119,2004,Seychelles,2.7783999999999997e-05,East Africa
1120,2005,Seychelles,9.776000000000001e-06,East Africa
1121,2006,Seychelles,0.000597996,East Africa
1122,2007,Seychelles,0.004460195000000002,East Africa
1123,2008,Seychelles,0.003684019,East Africa
1124,2009,Seychelles,3.1238e-05,East Africa
1125,2010,Seychelles,1.1281e-05,East Africa
1126,2011,Seychelles,0.00032169100000000003,East Africa
1127,2012,Seychelles,0.00026271500000000006,East Africa
1128,2013,Seychelles,0.000401846,East Africa
1129,2014,Seychelles,0.000196653,East Africa
1130,2015,Seychelles,9.963800000000001e-05,East Africa
1131,2016,Seychelles,7.489999999999999e-05,East Africa
1132,2017,Seychelles,0.001473781,East Africa
1133,2018,Seychelles,2.5219e-05,East Africa
1134,1992,Sierra Leone,0.0,West Africa
1135,1993,Sierra Leone,5.6949e-05,West Africa
1136,1994,Sierra Leone,3.369e-06,West Africa
1137,1995,Sierra Leone,0.0,West Africa
1138,1996,Sierra Leone,0.0,West Africa
1139,1997,Sierra Leone,0.0,West Africa
1140,1998,Sierra Leone,1.17e-06,West Africa
1141,1999,Sierra Leone,0.0,West Africa
1142,2000,Sierra Leone,1.6287e-05,West Africa
1143,2001,Sierra Leone,2.8010000000000004e-06,West Africa
1144,2002,Sierra Leone,0.000157126,West Africa
1145,2003,Sierra Leone,9.6e-08,West Africa
1146,2004,Sierra Leone,0.001603283,West Africa
1147,2005,Sierra Leone,0.001360541,West Africa
1148,2006,Sierra Leone,0.000978994,West Africa
1149,2007,Sierra Leone,0.005705426,West Africa
1150,2008,Sierra Leone,0.0053166080000000004,West Africa
1151,2009,Sierra Leone,0.010541269999999998,West Africa
1152,2010,Sierra Leone,0.010770079,West Africa
1153,2011,Sierra Leone,0.028002729,West Africa
1154,2012,Sierra Leone,0.502909238,West Africa
1155,2013,Sierra Leone,1.452659069,West Africa
1156,2014,Sierra Leone,1.683180238,West Africa
1157,2015,Sierra Leone,0.164822246,West Africa
1158,2016,Sierra Leone,0.23955553300000001,West Africa
1159,2017,Sierra Leone,0.33801777200000005,West Africa
1160,2018,Sierra Leone,0.177190566,West Africa
1161,1992,Somalia,0.001118622,East Africa
1162,1993,Somalia,0.0009050519999999999,East Africa
1163,1994,Somalia,0.000643418,East Africa
1164,1995,Somalia,0.001314812,East Africa
1165,1996,Somalia,0.00060351,East Africa
1166,1997,Somalia,0.000292193,East Africa
1167,1998,Somalia,4.5317999999999995e-05,East Africa
1168,1999,Somalia,6.105500000000002e-05,East Africa
1169,2000,Somalia,6.3974e-05,East Africa
1170,2001,Somalia,0.000514941,East Africa
1171,2002,Somalia,0.001559612,East Africa
1172,2003,Somalia,0.006624306,East Africa
1173,2004,Somalia,0.007811211,East Africa
1174,2005,Somalia,0.003074312,East Africa
1175,2006,Somalia,0.003064836,East Africa
1176,2007,Somalia,0.00172279,East Africa
1177,2008,Somalia,0.00018856800000000001,East Africa
1178,2009,Somalia,0.000550224,East Africa
1179,2010,Somalia,0.0016973020000000001,East Africa
1180,2011,Somalia,0.005796227,East Africa
1181,2012,Somalia,0.003103929,East Africa
1182,2013,Somalia,0.016339551999999997,East Africa
1183,2014,Somalia,0.029824358000000002,East Africa
1184,2015,Somalia,0.02471152,East Africa
1185,2016,Somalia,0.010958159,East Africa
1186,2017,Somalia,0.011803184,East Africa
1187,2018,Somalia,0.01655225,East Africa
1188,1992,South Africa,0.0,South Africa
1189,1993,South Africa,0.0,South Africa
1190,1994,South Africa,0.0,South Africa
1191,1995,South Africa,0.0,South Africa
1192,1996,South Africa,0.0,South Africa
1193,1997,South Africa,0.0,South Africa
1194,1998,South Africa,0.0,South Africa
1195,1999,South Africa,0.0,South Africa
1196,2000,South Africa,0.335189211,South Africa
1197,2001,South Africa,0.461312299,South Africa
1198,2002,South Africa,0.45029773600000006,South Africa
1199,2003,South Africa,0.889147541,South Africa
1200,2004,South Africa,1.055745855,South Africa
1201,2005,South Africa,1.3687242199999998,South Africa
1202,2006,South Africa,2.1087565670000004,South Africa
1203,2007,South Africa,4.169608032999999,South Africa
1204,2008,South Africa,4.309779843,South Africa
1205,2009,South Africa,5.670122785,South Africa
1206,2010,South Africa,8.09582724,South Africa
1207,2011,South Africa,12.495813857,South Africa
1208,2012,South Africa,10.320513921,South Africa
1209,2013,South Africa,12.047235763,South Africa
1210,2014,South Africa,8.770889953,South Africa
1211,2015,South Africa,7.420282077,South Africa
1212,2016,South Africa,6.812080906,South Africa
1213,2017,South Africa,8.672254675,South Africa
1214,2018,South Africa,8.550852951000001,South Africa
1215,1992,South Sudan,0.0,East Africa
1216,1993,South Sudan,0.0,East Africa
1217,1994,South Sudan,0.0,East Africa
1218,1995,South Sudan,0.0,East Africa
1219,1996,South Sudan,0.0,East Africa
1220,1997,South Sudan,0.0,East Africa
1221,1998,South Sudan,0.0,East Africa
1222,1999,South Sudan,0.0,East Africa
1223,2000,South Sudan,0.0,East Africa
1224,2001,South Sudan,0.0,East Africa
1225,2002,South Sudan,0.0,East Africa
1226,2003,South Sudan,0.0,East Africa
1227,2004,South Sudan,0.0,East Africa
1228,2005,South Sudan,0.0,East Africa
1229,2006,South Sudan,0.0,East Africa
1230,2007,South Sudan,0.0,East Africa
1231,2008,South Sudan,0.0,East Africa
1232,2009,South Sudan,0.0,East Africa
1233,2010,South Sudan,0.0,East Africa
1234,2011,South Sudan,0.0,East Africa
1235,2012,South Sudan,0.499465321,East Africa
1236,2013,South Sudan,2.468344369,East Africa
1237,2014,South Sudan,4.329242102,East Africa
1238,2015,South Sudan,2.32688667,East Africa
1239,2016,South Sudan,1.459751408,East Africa
1240,2017,South Sudan,1.270049729,East Africa
1241,2018,South Sudan,1.588451879,East Africa
1242,1992,Sudan,0.0,North Africa
1243,1993,Sudan,0.0,North Africa
1244,1994,Sudan,0.0,North Africa
1245,1995,Sudan,0.0,North Africa
1246,1996,Sudan,0.0,North Africa
1247,1997,Sudan,0.0,North Africa
1248,1998,Sudan,0.0,North Africa
1249,1999,Sudan,0.0,North Africa
1250,2000,Sudan,0.0,North Africa
1251,2001,Sudan,0.0,North Africa
1252,2002,Sudan,0.0,North Africa
1253,2003,Sudan,0.0,North Africa
1254,2004,Sudan,0.0,North Africa
1255,2005,Sudan,0.0,North Africa
1256,2006,Sudan,0.0,North Africa
1257,2007,Sudan,0.0,North Africa
1258,2008,Sudan,0.0,North Africa
1259,2009,Sudan,0.0,North Africa
1260,2010,Sudan,0.0,North Africa
1261,2011,Sudan,0.0,North Africa
1262,2012,Sudan,1.554266756,North Africa
1263,2013,Sudan,2.1000231680000003,North Africa
1264,2014,Sudan,1.5212833369999998,North Africa
1265,2015,Sudan,0.72839354,North Africa
1266,2016,Sudan,0.504705986,North Africa
1267,2017,Sudan,0.5907976589999999,North Africa
1268,2018,Sudan,0.6700346180000001,North Africa
1269,1992,Eswatini,0.0,South Africa
1270,1993,Eswatini,0.0,South Africa
1271,1994,Eswatini,0.0,South Africa
1272,1995,Eswatini,0.0,South Africa
1273,1996,Eswatini,0.0,South Africa
1274,1997,Eswatini,0.0,South Africa
1275,1998,Eswatini,0.0,South Africa
1276,1999,Eswatini,0.0,South Africa
1277,2000,Eswatini,3.7288999999999995e-05,South Africa
1278,2001,Eswatini,0.007013720999999999,South Africa
1279,2002,Eswatini,0.011089326,South Africa
1280,2003,Eswatini,0.014533067000000002,South Africa
1281,2004,Eswatini,0.014632978,South Africa
1282,2005,Eswatini,0.023180995000000003,South Africa
1283,2006,Eswatini,0.024822266,South Africa
1284,2007,Eswatini,0.019332267000000004,South Africa
1285,2008,Eswatini,0.011279708,South Africa
1286,2009,Eswatini,0.015107888000000002,South Africa
1287,2010,Eswatini,0.002504232,South Africa
1288,2011,Eswatini,0.000343796,South Africa
1289,2012,Eswatini,0.100381091,South Africa
1290,2013,Eswatini,0.115071552,South Africa
1291,2014,Eswatini,0.046111006,South Africa
1292,2015,Eswatini,0.00028926399999999996,South Africa
1293,2016,Eswatini,0.000328349,South Africa
1294,2017,Eswatini,0.004337358999999999,South Africa
1295,2018,Eswatini,0.027459866,South Africa
1296,1992,Togo,0.0016567310000000003,West Africa
1297,1993,Togo,0.0009800120000000002,West Africa
1298,1994,Togo,0.001715888,West Africa
1299,1995,Togo,0.000595361,West Africa
1300,1996,Togo,0.001823044,West Africa
1301,1997,Togo,0.007801304999999999,West Africa
1302,1998,Togo,0.003142798,West Africa
1303,1999,Togo,6.2658e-05,West Africa
1304,2000,Togo,6.2122e-05,West Africa
1305,2001,Togo,0.000225068,West Africa
1306,2002,Togo,0.005349724,West Africa
1307,2003,Togo,0.022113599,West Africa
1308,2004,Togo,0.046471917000000015,West Africa
1309,2005,Togo,0.03187371700000001,West Africa
1310,2006,Togo,0.021598693999999998,West Africa
1311,2007,Togo,0.026104612,West Africa
1312,2008,Togo,0.030899652000000003,West Africa
1313,2009,Togo,0.03637251699999999,West Africa
1314,2010,Togo,0.061619158,West Africa
1315,2011,Togo,0.076598624,West Africa
1316,2012,Togo,0.08481130999999999,West Africa
1317,2013,Togo,0.117943633,West Africa
1318,2014,Togo,0.166441462,West Africa
1319,2015,Togo,0.21471290699999998,West Africa
1320,2016,Togo,0.105331515,West Africa
1321,2017,Togo,0.073186663,West Africa
1322,2018,Togo,0.14576183999999998,West Africa
1323,1992,Tunisia,0.02339612,North Africa
1324,1993,Tunisia,0.030042484,North Africa
1325,1994,Tunisia,0.012291825,North Africa
1326,1995,Tunisia,0.035607296999999996,North Africa
1327,1996,Tunisia,0.032317423,North Africa
1328,1997,Tunisia,0.022641711999999998,North Africa
1329,1998,Tunisia,0.045788600000000006,North Africa
1330,1999,Tunisia,0.028387166999999998,North Africa
1331,2000,Tunisia,0.00219346,North Africa
1332,2001,Tunisia,0.0032039860000000002,North Africa
1333,2002,Tunisia,0.038296714,North Africa
1334,2003,Tunisia,0.017044964,North Africa
1335,2004,Tunisia,0.034131276,North Africa
1336,2005,Tunisia,0.044087779,North Africa
1337,2006,Tunisia,0.05053289100000001,North Africa
1338,2007,Tunisia,0.030318414000000002,North Africa
1339,2008,Tunisia,0.090308471,North Africa
1340,2009,Tunisia,0.10752372800000001,North Africa
1341,2010,Tunisia,0.124900376,North Africa
1342,2011,Tunisia,0.219462498,North Africa
1343,2012,Tunisia,0.176976451,North Africa
1344,2013,Tunisia,0.17672945900000003,North Africa
1345,2014,Tunisia,0.21036742400000003,North Africa
1346,2015,Tunisia,0.183799263,North Africa
1347,2016,Tunisia,0.138846826,North Africa
1348,2017,Tunisia,0.198163138,North Africa
1349,2018,Tunisia,0.19496464900000002,North Africa
1350,1992,Uganda,2.443e-06,East Africa
1351,1993,Uganda,1.3490000000000001e-05,East Africa
1352,1994,Uganda,2.1158e-05,East Africa
1353,1995,Uganda,1.1428000000000001e-05,East Africa
1354,1996,Uganda,0.001247699,East Africa
1355,1997,Uganda,0.001739525,East Africa
1356,1998,Uganda,0.000134354,East Africa
1357,1999,Uganda,0.00019956,East Africa
1358,2000,Uganda,0.000836515,East Africa
1359,2001,Uganda,0.001236219,East Africa
1360,2002,Uganda,0.005602695000000001,East Africa
1361,2003,Uganda,0.0035033260000000006,East Africa
1362,2004,Uganda,0.011641231,East Africa
1363,2005,Uganda,0.020001904999999997,East Africa
1364,2006,Uganda,0.017784982000000008,East Africa
1365,2007,Uganda,0.019898324,East Africa
1366,2008,Uganda,0.017060339000000004,East Africa
1367,2009,Uganda,0.020103285999999998,East Africa
1368,2010,Uganda,0.026567283000000004,East Africa
1369,2011,Uganda,0.040249339,East Africa
1370,2012,Uganda,0.042874601,East Africa
1371,2013,Uganda,0.071925435,East Africa
1372,2014,Uganda,0.111569259,East Africa
1373,2015,Uganda,0.08558349200000001,East Africa
1374,2016,Uganda,0.037617419,East Africa
1375,2017,Uganda,0.033412539000000005,East Africa
1376,2018,Uganda,0.047167395,East Africa
1377,1992,United Rep. of Tanzania,0.0007014220000000002,None
1378,1993,United Rep. of Tanzania,0.001149722,None
1379,1994,United Rep. of Tanzania,0.009224982000000001,None
1380,1995,United Rep. of Tanzania,0.009598801,None
1381,1996,United Rep. of Tanzania,0.01943477,None
1382,1997,United Rep. of Tanzania,0.017622052999999995,None
1383,1998,United Rep. of Tanzania,0.009686502000000001,None
1384,1999,United Rep. of Tanzania,0.005743668,None
1385,2000,United Rep. of Tanzania,0.004769731999999999,None
1386,2001,United Rep. of Tanzania,0.0032864120000000003,None
1387,2002,United Rep. of Tanzania,0.006619861,None
1388,2003,United Rep. of Tanzania,0.027567111000000002,None
1389,2004,United Rep. of Tanzania,0.068269085,None
1390,2005,United Rep. of Tanzania,0.170717677,None
1391,2006,United Rep. of Tanzania,0.152678108,None
1392,2007,United Rep. of Tanzania,0.203599842,None
1393,2008,United Rep. of Tanzania,0.131588471,None
1394,2009,United Rep. of Tanzania,0.195968354,None
1395,2010,United Rep. of Tanzania,0.406945183,None
1396,2011,United Rep. of Tanzania,0.48989690099999994,None
1397,2012,United Rep. of Tanzania,0.37928100200000003,None
1398,2013,United Rep. of Tanzania,0.5525482450000001,None
1399,2014,United Rep. of Tanzania,0.43590818000000003,None
1400,2015,United Rep. of Tanzania,0.3778442,None
1401,2016,United Rep. of Tanzania,0.315826807,None
1402,2017,United Rep. of Tanzania,0.33585905000000005,None
1403,2018,United Rep. of Tanzania,0.393915222,None
1404,1992,Zambia,0.016246522,East Africa
1405,1993,Zambia,0.010965465,East Africa
1406,1994,Zambia,0.0021106119999999996,East Africa
1407,1995,Zambia,0.001820762,East Africa
1408,1996,Zambia,0.005738976999999999,East Africa
1409,1997,Zambia,0.026505535,East Africa
1410,1998,Zambia,0.006218218,East Africa
1411,1999,Zambia,0.017623010999999997,East Africa
1412,2000,Zambia,0.069390123,East Africa
1413,2001,Zambia,0.03592412100000001,East Africa
1414,2002,Zambia,0.046092258000000004,East Africa
1415,2003,Zambia,0.047881549,East Africa
1416,2004,Zambia,0.17110489099999998,East Africa
1417,2005,Zambia,0.252062365,East Africa
1418,2006,Zambia,0.270356333,East Africa
1419,2007,Zambia,0.394862193,East Africa
1420,2008,Zambia,0.5224979559999999,East Africa
1421,2009,Zambia,1.272464335,East Africa
1422,2010,Zambia,2.57840733,East Africa
1423,2011,Zambia,2.775940166,East Africa
1424,2012,Zambia,2.686560295,East Africa
1425,2013,Zambia,3.0478662329999997,East Africa
1426,2014,Zambia,3.071379646,East Africa
1427,2015,Zambia,1.7864762690000002,East Africa
1428,2016,Zambia,2.183500684,East Africa
1429,2017,Zambia,3.122754433,East Africa
1430,2018,Zambia,4.1323845299999995,East Africa
1431,1992,Zimbabwe,0.097903937,East Africa
1432,1993,Zimbabwe,0.051315726,East Africa
1433,1994,Zimbabwe,0.026183214000000003,East Africa
1434,1995,Zimbabwe,0.036905423,East Africa
1435,1996,Zimbabwe,0.068462126,East Africa
1436,1997,Zimbabwe,0.07458950300000003,East Africa
1437,1998,Zimbabwe,0.027866718,East Africa
1438,1999,Zimbabwe,0.044340082,East Africa
1439,2000,Zimbabwe,0.10273684300000001,East Africa
1440,2001,Zimbabwe,0.114891888,East Africa
1441,2002,Zimbabwe,0.159592503,East Africa
1442,2003,Zimbabwe,0.16708016999999997,East Africa
1443,2004,Zimbabwe,0.141178129,East Africa
1444,2005,Zimbabwe,0.15791782700000004,East Africa
1445,2006,Zimbabwe,0.139093424,East Africa
1446,2007,Zimbabwe,0.142769297,East Africa
1447,2008,Zimbabwe,0.14821384400000007,East Africa
1448,2009,Zimbabwe,0.14084982200000004,East Africa
1449,2010,Zimbabwe,0.246058323,East Africa
1450,2011,Zimbabwe,0.46405468600000005,East Africa
1451,2012,Zimbabwe,0.584426601,East Africa
1452,2013,Zimbabwe,0.687838704,East Africa
1453,2014,Zimbabwe,0.8366330899999999,East Africa
1454,2015,Zimbabwe,0.761400853,East Africa
1455,2016,Zimbabwe,0.726879971,East Africa
1456,2017,Zimbabwe,0.8720296439999999,East Africa
1457,2018,Zimbabwe,0.890332777,East Africa
